{
  "/": {
    "avg_ms": 5.265688896179199,
    "min_ms": 3.3690929412841797,
    "max_ms": 18.643856048583984,
    "requests": 10
  },
  "/api/dashboard": {
    "avg_ms": 3.888273239135742,
    "min_ms": 3.368854522705078,
    "max_ms": 4.2629241943359375,
    "requests": 10
  },
  "/api/strategies": {
    "avg_ms": 1.1715173721313477,
    "min_ms": 1.0612010955810547,
    "max_ms": 1.332998275756836,
    "requests": 10
  },
  "/api/performance": {
    "avg_ms": 1.1954069137573242,
    "min_ms": 1.0750293731689453,
    "max_ms": 1.4483928680419922,
    "requests": 10
  },
  "/api/health": {
    "avg_ms": 1.191878318786621,
    "min_ms": 1.026153564453125,
    "max_ms": 1.4719963073730469,
    "requests": 10
  },
  "/api/qfm/status": {
    "avg_ms": 3.9248228073120117,
    "min_ms": 3.3648014068603516,
    "max_ms": 4.487037658691406,
    "requests": 10
  },
  "/api/ml/status": {
    "avg_ms": 3.6034107208251953,
    "min_ms": 3.4220218658447266,
    "max_ms": 3.865957260131836,
    "requests": 10
  }
}